TRIFID,PRIMARY NAICS CODE,CAS NUMBER,ON-SITE - RECYCLED,UNIT OF MEASURE,LOWER EFFICIENCY,LOWER EFFICIENCY OUTLIER?,Q1 - 1.5xIQR,Q1,Q2,Q3,Q3 + 1.5xIQR,UPPER EFFICIENCY,UPPER EFFICIENCY OUTLIER?,IQR,MEAN OF EFFICIENCY,CV,HIGH VARIANCE?,METHOD
16512RCKCRFOOTO,324199,000091203,1000.0,Pounds,6.3291,NO,0.0,6.3493,6.3694,48.6393,100.0,90.9091,NO,42.29,34.5359,1.1542,YES,R99
54165BTRCC124BR,311513,007697372,1980.0,Pounds,50.0,NO,50.0,50.0,50.0,50.0,50.0,50.0,NO,0.0,50.0,0.0,NO,R99
94565DWCHMFOOTO,325320,000071556,10346.0,Pounds,73.4645,NO,59.2713,78.3601,83.9364,91.086,100.0,99.9903,NO,12.7259,85.248,0.0946,NO,R99
07036XXNXX1400P,324110,001330207,9500.0,Pounds,8.4462,NO,0.0,11.7306,15.4472,22.8844,39.6151,99.7271,YES,11.1538,20.6669,0.7566,NO,R99
07036XXNXX1400P,324110,000100414,1600.0,Pounds,5.5119,NO,0.0,7.6877,10.2722,16.0,28.4684,99.8752,YES,8.3123,14.5656,0.8706,NO,R99
93308TXCRF6451R,324110,000071432,250.0,Pounds,0.7121,NO,0.0,0.7665,0.8264,6.0953,14.0886,99.6016,YES,5.3289,11.2551,1.8691,YES,R19
26155PPGNDSTATE,325181,007439976,106171.0,Pounds,98.5922,NO,97.3935,98.8083,99.0253,99.7515,100.0,99.9727,NO,0.9432,99.2466,0.0049,NO,R30
65708MDMRC10DAI,311514,007647010,46930.0,Pounds,9.0917,NO,0.0,9.0917,9.0918,54.5406,100.0,99.9893,NO,45.4488,39.3909,1.0878,YES,R99
73127DCNDS5716N,332813,N090,858.0,Pounds,18.1818,NO,2.9443,23.4197,29.0454,37.0699,57.5453,49.282,NO,13.6503,31.0698,0.3289,NO,R30
93308TXCRF6451R,324110,001634044,1.0,Pounds,0.0105,NO,0.0,0.013,0.0156,0.0319,0.0602,3.8462,YES,0.0189,0.566,2.3659,YES,R19
07036XXNXX1400P,324110,000091203,4000.0,Pounds,38.3877,NO,8.3536,45.1564,54.7945,69.6917,100.0,94.5626,NO,24.5353,58.4085,0.2644,NO,R99
73446WWTRLHWY19,336212,N230,0.5,Pounds,0.0022,NO,0.0,0.0023,0.0024,0.0455,0.1102,9.0909,YES,0.0431,0.6318,3.5788,YES,R19
40213NTDCT4900C,325188,007664417,51000.0,Pounds,8.0118,NO,0.0,10.0824,13.4848,24.4954,46.1149,99.9902,YES,14.413,22.9794,0.8411,NO,R13
24541CRNNGROUTE,327212,N040,41544.0,Pounds,97.8865,NO,97.656,98.6137,98.8108,99.2522,100.0,99.988,NO,0.6385,98.9263,0.0052,NO,R99
98541MRTNTROUTE,325188,000067561,39567.0,Pounds,28.0166,NO,0.0,30.3311,33.0069,72.7838,100.0,97.5349,NO,42.4527,52.6014,0.4743,NO,R14
92803KWKST516ES,332510,000127184,550000.0,Pounds,71.8265,NO,68.0949,77.577,83.3333,83.8984,93.3806,99.9998,YES,6.3214,84.2652,0.1162,NO,R11
46241RLLYT1500S,325192,007664417,0.5,Pounds,0.0001,NO,0.0,0.0002,0.0002,0.0003,0.0006,0.005,YES,0.0002,0.0004,1.7094,YES,R11
60623MRTNT1645S,325320,N020,1131.0,Pounds,77.9462,NO,65.9729,81.2258,84.5924,91.3943,100.0,99.5599,NO,10.1685,87.5374,0.0869,NO,R99
76504CNTRF3320P,331513,N100,1719.0,Pounds,55.848,NO,0.0,55.9755,56.1031,99.2208,100.0,99.9419,NO,43.2453,74.6122,0.2884,NO,R30
76504CNTRF3320P,331513,N450,5912.0,Pounds,46.4707,NO,0.0,46.5697,46.6688,99.1198,100.0,99.9493,NO,52.5501,69.2097,0.3777,NO,R30
29116THYLCCANNO,325199,000095636,2083031.0,Pounds,97.1437,NO,93.6587,97.3302,97.5173,99.7778,100.0,99.9814,NO,2.4477,98.5206,0.0125,NO,R11
25515KZCHMSTATE,325998,007726956,160000.0,Pounds,99.194,NO,98.7448,99.2556,99.3172,99.5962,100.0,99.8752,NO,0.3406,99.4621,0.003,NO,R99
18848GTPRDHAWES,331419,N096,13000.0,Pounds,27.2268,NO,18.7214,34.3814,42.2916,44.8214,60.4814,99.9385,YES,10.44,49.2306,0.4864,NO,R30
71635GRGPCPAPER,322110,007782505,9665.0,Pounds,2.4188,NO,0.0,2.4346,2.4504,65.6576,100.0,97.9528,NO,63.223,34.1438,1.1114,YES,R99
70037LLNCRHIGHW,324110,000091203,0.5,Pounds,0.0054,NO,0.0,0.0076,0.0098,0.0142,0.024,1.2048,YES,0.0066,0.092,3.2334,YES,R99
18848DPNTTRD1BO,325992,000108883,250000.0,Pounds,25.034,NO,0.0,28.0907,31.25,56.6868,99.5809,99.984,YES,28.5961,51.2128,0.5479,NO,R12
06473PRTTW415WA,336412,007440473,5100.0,Pounds,13.5153,NO,0.0,13.7416,13.9726,83.3407,100.0,99.3571,NO,69.5991,50.2732,0.7582,NO,R99
18848DPNTTRD1BO,325992,000067561,142000.0,Pounds,13.2315,NO,0.0,18.0404,23.2406,31.7496,52.3134,99.6491,YES,13.7092,28.6709,0.5727,NO,R12
07823HFFMN206RO,325411,000108883,0.5,Pounds,0.0003,NO,0.0,0.0004,0.0006,0.0013,0.0026,1.1236,YES,0.0009,0.0756,3.705,YES,R13
44430DNMNT400DI,326211,N982,5506.0,Pounds,91.6903,NO,91.6903,91.6903,91.6903,91.6903,91.6903,91.6903,NO,0.0,91.6903,0.0,NO,R99
39563MRTNT5724E,325199,000078933,147750.0,Pounds,48.5056,NO,37.4488,55.9202,63.8033,68.2344,86.7058,99.9324,YES,12.3142,67.5319,0.2502,NO,R11
60098MRTNT1275L,325520,000078933,4600.0,Pounds,21.957,NO,0.0,22.4972,23.0576,84.0621,100.0,94.8454,NO,61.5648,50.4255,0.6432,NO,R11
71753THYLCROUTE,325188,000071432,8500.0,Pounds,1.2011,NO,0.0,1.4804,1.7653,3.6662,6.945,99.8825,YES,2.1858,18.393,1.7846,YES,R13
72396HLSTDHWY1N,331421,000079016,286990.0,Pounds,45.7154,NO,19.552,50.9142,56.3112,71.8223,100.0,99.9997,NO,20.9081,65.9504,0.2862,NO,R19
48626HMLCK12334,331419,007647010,2651935.0,Pounds,99.4815,NO,99.2701,99.5908,99.7002,99.8045,100.0,99.9508,NO,0.2138,99.7033,0.0015,NO,R99
53029BRGGS3333W,332510,007440508,0.5,Pounds,0.0976,NO,0.0,0.0988,0.1001,4.793,11.8343,9.0909,NO,4.6942,2.7246,1.2333,YES,R99
42240FRDNBPEMBR,313230,000075092,410000.0,Pounds,90.8028,NO,79.1754,91.1603,91.5179,99.1502,100.0,99.9932,NO,7.9899,94.705,0.0434,NO,R19
78702PRCST2110E,331512,007440473,9399.0,Pounds,24.5296,NO,0.0,24.7635,24.9993,93.3108,100.0,99.0307,NO,68.5473,54.9583,0.6352,NO,R30
55120FTMRK2411P,332812,000078933,22000.0,Pounds,31.4735,NO,0.0,32.8684,34.375,81.7342,100.0,92.0502,NO,48.8658,55.3006,0.4724,NO,R11
24541CRNNGROUTE,327212,N982,3935.0,Pounds,85.1916,NO,82.4511,89.3962,91.4691,94.0263,100.0,99.8731,NO,4.6301,92.1208,0.0437,NO,R99
13057GNRLS22CEL,332813,N090,21091.0,Pounds,59.4381,NO,29.52,59.5347,59.6313,79.5445,100.0,99.4577,NO,20.0098,72.8424,0.2584,NO,R30
45042MMPCK1701R,323111,000108883,81000.0,Pounds,35.4796,NO,0.0,40.023,45.7627,69.4743,100.0,93.8586,NO,29.4513,56.5233,0.3396,NO,R11
62040MRCNS1700W,331513,N090,12000000.0,Pounds,97.3091,NO,94.4085,97.5144,97.7199,99.5851,100.0,100.0,NO,2.0706,98.6282,0.0117,NO,R99
78343CLNSNONEMI,325199,000067561,27000000.0,Pounds,86.2545,NO,83.0404,89.8583,92.5609,94.4035,100.0,99.9953,NO,4.5452,92.7323,0.0424,NO,R13
97206LRGST4600S,331528,007440020,960000.0,Pounds,58.7621,NO,1.7992,59.2561,59.7535,97.5607,100.0,99.9995,NO,38.3046,78.6057,0.2504,NO,R28
73446WWTRLHWY19,336212,N590,0.1,Pounds,0.0005,NO,0.0,0.0005,0.0005,0.0104,0.0252,1.9608,YES,0.0099,0.1366,3.5692,YES,R19
67801XCLCREHIGH,311611,N511,0.5,Pounds,0.0,NO,0.0,0.0,0.0,0.0001,0.0002,0.0002,NO,0.0001,0.0001,1.0372,YES,R99
97206LRGST4600S,331528,007440484,122000.0,Pounds,58.5104,NO,3.4685,59.2062,59.9052,96.3646,100.0,99.9959,NO,37.1584,77.2212,0.25,NO,R28
93308TXCRF6451R,324110,001330207,50.0,Pounds,0.2113,NO,0.0,0.2199,0.2291,4.7328,11.5021,79.3651,YES,4.5129,5.9396,2.0112,YES,R19
03904PRTSMSEAVE,928110,000071363,2155.0,Pounds,9.401,NO,0.0,10.0585,10.7161,27.0468,52.5293,43.3776,NO,16.9883,21.1649,0.7425,NO,R11
53044KHLRC444HI,332998,N982,99000.0,Pounds,71.8339,NO,40.8562,73.4022,75.0,95.0995,100.0,99.997,NO,21.6973,85.075,0.1412,NO,R99
94565DWCHMFOOTO,325199,000056235,400000.0,Pounds,73.7737,NO,46.8606,75.8865,78.1097,95.2371,100.0,99.9978,NO,19.3506,86.0652,0.1213,NO,R99
50595WHTCN600ST,335224,000071363,36047.0,Pounds,66.8205,NO,21.35,67.3027,67.7856,97.9378,100.0,99.9501,NO,30.6351,80.7196,0.1921,NO,R11
06902PLYCS69SOU,326113,000080626,0.5,Pounds,0.0011,NO,0.0,0.0015,0.0021,0.003,0.0053,0.0274,YES,0.0015,0.0042,1.3769,YES,R12
31907MTSSH1MASB,335911,N420,4816291.0,Pounds,57.8712,NO,0.0,57.8812,57.8912,99.9531,100.0,99.9999,NO,42.072,78.5912,0.2677,NO,R27
07461MSRBBROUTE,326299,000071556,18377.0,Pounds,38.6909,NO,0.0,42.3719,46.812,74.4365,100.0,83.6307,NO,32.0645,57.5358,0.311,NO,R11
45212DNGRPBEECH,323111,000078933,8000.0,Pounds,7.4627,NO,0.0,10.3425,13.7457,19.0025,31.9924,47.0588,YES,8.66,16.4494,0.588,NO,R11
42420CCRDC2315A,336399,N230,61200.0,Pounds,28.777,NO,0.0,31.6215,34.7826,64.5833,100.0,90.9091,NO,32.9618,49.5541,0.4494,NO,R19
02714TTLST256SA,339920,N982,200000.0,Pounds,67.8173,NO,39.1225,70.9479,74.3494,92.1648,100.0,99.9975,NO,21.2169,82.2748,0.1447,NO,R99
61341MRSLL1401B,327331,N040,60.0,Pounds,19.0476,NO,0.0,19.2012,19.3548,55.8313,100.0,92.3077,NO,36.63,43.5701,0.791,NO,R99
46241RLLYT1500S,325192,000109068,0.5,Pounds,0.0007,NO,0.0,0.0009,0.0013,0.0022,0.0042,1.4493,YES,0.0013,0.0086,10.5228,YES,R19
46241RLLYT1500S,325192,000110861,0.5,Pounds,0.0002,NO,0.0,0.0002,0.0003,0.0007,0.0015,1.1236,YES,0.0005,0.0052,13.5765,YES,R19
45869BRDNN455WM,311511,N511,0.5,Pounds,0.0007,NO,0.0003,0.0009,0.0012,0.0014,0.002,0.0016,NO,0.0004,0.0011,0.3175,NO,R99
55164KCHRFPOBOX,324110,001330207,920.0,Pounds,0.5338,NO,0.0,0.5715,0.6096,4.1944,9.6287,97.0464,YES,3.6229,17.1352,1.828,YES,R99
06795PHLSN1465M,332813,007664382,6640.0,Pounds,12.5189,NO,0.0,13.3227,14.2367,58.8605,100.0,68.1725,NO,45.5378,34.1849,0.7197,NO,R99
35611GNRLMUSHIG,336330,N583,150000.0,Pounds,87.2093,NO,87.2093,87.2093,87.2093,87.2093,87.2093,87.2093,NO,0.0,87.2093,0.0,NO,R99
07036XXNXX1400P,324110,000108883,3900.0,Pounds,3.3205,NO,0.0,4.8048,6.4081,9.5348,16.6297,99.8464,YES,4.73,10.5209,1.2598,YES,R99
71753THYLCROUTE,325188,000106934,5000.0,Pounds,15.2207,NO,0.0,15.8138,16.4474,73.2847,100.0,95.2381,NO,57.4708,47.2406,0.7058,NO,R19
60185GRFFN1920D,336510,007440666,800.0,Pounds,32.6531,NO,25.6361,39.8559,47.0588,49.3359,63.5557,51.6129,NO,9.4799,43.7749,0.1846,NO,R99
15071CRCBL1001R,331492,007440473,9683.0,Pounds,96.9269,NO,94.7984,96.9949,97.063,98.4593,100.0,99.8556,NO,1.4643,97.9485,0.0138,NO,R30
13209CRCBLSTATE,331111,007439965,105400.0,Pounds,36.3476,NO,0.0,40.8669,46.6165,73.6381,100.0,99.9384,NO,32.7712,59.6346,0.349,NO,R30
30263WLLML25BON,331316,007664382,2000000.0,Pounds,87.7097,NO,71.7507,88.1025,88.4956,99.0038,100.0,99.9875,NO,10.9012,92.9151,0.06,NO,R40
60438BCHMC2700E,325510,000100414,140000.0,Pounds,18.8147,NO,0.0,21.5249,24.403,46.5737,84.1469,99.1501,YES,25.0488,45.5187,0.6622,NO,R11
18848GTPRDHAWES,331419,007664417,630000.0,Pounds,65.8996,NO,24.8364,67.1679,68.4783,95.3889,100.0,98.2839,NO,28.221,79.6822,0.1819,NO,R99
35601MNSNTCOURT,325199,000107131,7500000.0,Pounds,95.5662,NO,94.8074,96.6692,97.7101,97.9105,99.7723,99.9984,YES,1.2412,97.6832,0.0149,NO,R19
29116THYLCCANNO,325199,001330207,275117.0,Pounds,90.7722,NO,88.1566,93.3256,94.9481,96.7717,100.0,99.9782,NO,3.446,95.1573,0.0266,NO,R11
44125ZLMNF6255H,332721,000079016,56938.0,Pounds,65.5424,NO,41.2281,69.1447,72.8918,87.7557,100.0,99.6831,NO,18.611,79.9594,0.1554,NO,R11
15650TLDYNROUTE,331111,007440508,1700.0,Pounds,20.9747,NO,0.0,26.3478,34.0,50.0,85.4783,99.7067,YES,23.6522,40.4414,0.4344,NO,R99
45212DNGRPBEECH,323111,000108883,600.0,Pounds,4.3228,NO,0.0,5.9871,8.2418,10.0593,16.1677,43.4783,YES,4.0723,11.8333,0.8763,NO,R11
07823HFFMN206RO,325411,000067663,0.5,Pounds,0.0017,NO,0.0,0.002,0.0025,0.0087,0.0188,4.3478,YES,0.0067,0.2946,3.6775,YES,R13
29720DRCLLHWY9B,335912,N450,820000.0,Pounds,70.0397,NO,25.2474,70.0624,70.0852,99.9391,100.0,99.9994,NO,29.8766,84.7701,0.1763,NO,R30
45869BRDNN455WM,311511,007697372,0.5,Pounds,0.0012,NO,0.0012,0.0012,0.0012,0.0012,0.0012,0.0012,NO,0.0,0.0012,0.0,NO,R99
55120FTMRK2411P,332812,001330207,4200.0,Pounds,23.3723,NO,0.0,24.6053,25.9259,72.6759,100.0,91.9037,NO,48.0706,47.9663,0.5761,NO,R11
29681WRGRC803NO,326113,N230,180.0,Pounds,1.3547,NO,0.0,1.3844,1.4151,27.0984,65.6693,54.7112,NO,25.714,16.3495,1.1825,YES,R11
32785RMCDVHIGHW,331210,007697372,45576.0,Pounds,9.2336,NO,0.0,12.234,16.7712,20.5974,33.1425,89.9947,YES,8.3634,24.3964,0.8797,NO,R40
60438BCHMC2700E,325510,N230,230000.0,Pounds,7.6347,NO,0.0,7.8733,8.1272,69.6453,100.0,99.7874,NO,61.772,39.3182,0.8643,NO,R11
40210NTDCT1227S,325188,007664417,73000.0,Pounds,7.921,NO,0.0,10.3189,14.5166,21.419,38.0693,99.9932,YES,11.1002,22.3304,0.8484,NO,R99
76504CNTRF3320P,331513,N495,53506.0,Pounds,46.7379,NO,0.0,46.8196,46.9014,99.2792,100.0,99.9608,NO,52.4596,69.3996,0.3757,NO,R30
52627DPNTF80135,325910,000100414,7031.0,Pounds,4.223,NO,0.0,4.3821,4.5537,52.3335,100.0,99.6033,NO,47.9514,28.235,1.019,YES,R99
70129NSMCH13800,336419,000076131,4560.0,Pounds,9.4686,NO,0.0,12.2983,15.6031,20.6467,33.1692,93.5193,YES,8.3483,28.4109,0.9641,NO,R11
93308TXCRF6451R,324110,000108883,110.0,Pounds,0.4866,NO,0.0,0.5864,0.7072,1.7996,3.6194,95.6522,YES,1.2132,8.8005,2.2525,YES,R19
07036XXNXX1400P,324110,000110543,2300.0,Pounds,1.3349,NO,0.0,1.5134,1.7385,6.6436,14.3389,15.0327,YES,5.1302,4.9171,0.9641,NO,R99
99101NRTHWMARBL,331419,007664417,129138.0,Pounds,24.7405,NO,8.1267,31.1835,38.9258,46.5547,69.6115,96.6783,YES,15.3712,44.0398,0.4357,NO,R99
32785RMCDVHIGHW,331210,007664393,19316.0,Pounds,8.5357,NO,0.0,10.7624,14.164,23.0208,41.4086,88.1888,YES,12.2585,23.0008,0.8917,NO,R40
19934CMDLMRTE10,331210,000079016,13100000.0,Pounds,99.2441,NO,98.7501,99.3667,99.4895,99.7778,100.0,99.9975,NO,0.4111,99.5962,0.0027,NO,R19
13045BCKBMKELLO,332812,N090,3938.0,Pounds,17.1793,NO,0.0,17.838,18.5449,78.4462,100.0,99.9492,NO,60.6082,50.332,0.6658,NO,R99
15071CRCBL1001R,331492,007440484,5591.0,Pounds,98.1911,NO,96.9445,98.2342,98.2774,99.094,100.0,99.9107,NO,0.8598,98.793,0.008,NO,R30
40210NTDCT1227S,325188,007664382,64000.0,Pounds,28.4848,NO,0.0,28.5464,28.6082,98.9005,100.0,99.9922,NO,70.3541,62.7347,0.5629,NO,R99
03904PRTSMSEAVE,928110,001330207,4412.0,Pounds,29.0914,NO,5.9077,31.9624,34.8334,49.3322,75.3869,63.831,NO,17.3698,42.5853,0.357,NO,R11
28214MRCNC8309W,325199,000050000,798271.0,Pounds,93.9338,NO,90.6335,95.1904,96.4809,98.2284,100.0,99.4465,NO,3.038,96.7034,0.0185,NO,R11
97206LRGST4600S,331528,007440473,460000.0,Pounds,59.1823,NO,2.594,59.636,60.0914,97.664,100.0,99.9989,NO,38.028,78.5229,0.2487,NO,R28
37621BRSTL390BR,331210,007697372,234000.0,Pounds,95.0092,NO,91.6928,95.1702,95.3312,97.4885,100.0,99.6457,NO,2.3183,96.662,0.0219,NO,R40
44622ZMMRP200WE,339112,000075218,11109.0,Pounds,88.006,NO,74.1907,88.9112,89.835,98.7248,100.0,99.8652,NO,9.8136,93.4815,0.0527,NO,R99
45215MRTNT2000W,325199,000074873,389204.0,Pounds,85.0485,NO,62.8737,85.0877,85.127,99.8971,100.0,99.9892,NO,14.8093,91.4478,0.0803,NO,R99
63111SGLRB8645S,332813,N090,30000.0,Pounds,85.1668,NO,83.4398,88.5906,91.9822,92.0245,97.1754,99.9833,YES,3.4339,92.161,0.0562,NO,R30
92670CPRDC172EA,325520,000127184,1515996.0,Pounds,97.9598,NO,95.5597,98.083,98.2064,99.7652,100.0,99.9581,NO,1.6822,98.8315,0.0088,NO,R11
19426SPRRT3900G,331210,007697372,175357.0,Pounds,38.2474,NO,0.0,38.5847,38.9279,97.076,100.0,99.2085,NO,58.4913,66.0652,0.4448,NO,R40
70363GLFSL583TH,332312,000108883,1000.0,Pounds,1.296,NO,0.3229,1.7225,2.1489,2.6555,4.0551,3.1622,NO,0.9331,2.2024,0.3463,NO,R99
13502THNDM1676L,332999,N420,2164.0,Pounds,15.2169,NO,0.0,15.2475,15.2782,97.6975,100.0,99.9077,NO,82.45,54.1123,0.7679,NO,R30
48048NWHVN58391,331511,007440484,276000.0,Pounds,94.7477,NO,92.2806,95.3072,95.8666,97.3249,100.0,98.7831,NO,2.0177,96.4658,0.0176,NO,R30
07036XXNXX1400P,324110,000110827,4400.0,Pounds,8.4451,NO,0.0,9.1775,9.9099,36.3621,77.1391,99.9773,YES,27.1846,29.9159,1.0352,YES,R99
71753THYLCROUTE,325188,000067561,76000000.0,Pounds,99.8955,NO,99.8687,99.9161,99.9367,99.9477,99.9951,99.9587,NO,0.0316,99.9303,0.0003,NO,R11
98032HYTKF8202S,332813,000078933,7000.0,Pounds,31.3901,NO,1.0858,35.9539,41.4201,59.1993,94.0673,86.4198,NO,23.2454,49.9338,0.3663,NO,R11
25015DPNTB901WE,325199,000067561,866000.0,Pounds,25.9154,NO,0.0,27.3105,28.8642,82.6635,100.0,97.9946,NO,55.3529,55.0243,0.5183,NO,R13
76504CNTRF3320P,331513,N090,115810.0,Pounds,47.9592,NO,0.0,48.0518,48.1444,99.2255,100.0,99.9568,NO,51.1737,70.0879,0.3631,NO,R30
01085WSTFLSOUTH,332710,000079016,79147.0,Pounds,69.6888,NO,45.0729,72.5157,75.4636,90.811,100.0,98.318,NO,18.2953,81.4463,0.1315,NO,R11
71753THYLCROUTE,325188,007726956,3800000.0,Pounds,20.8284,NO,0.0,20.8423,20.8562,99.5208,100.0,99.6848,NO,78.6785,54.5851,0.7138,NO,R99
71753THYLCHIGHW,325188,007726956,1000000.0,Pounds,94.9307,NO,93.9533,96.232,97.2384,97.7511,100.0,99.2674,NO,1.5191,97.0575,0.0138,NO,R99
71635GRGPCPAPER,322110,010049044,277860.0,Pounds,48.0171,NO,0.0,48.1427,48.2684,98.9282,100.0,99.9982,NO,50.7854,70.0608,0.3613,NO,R99
44622ZMMRP200WE,339112,000075718,81467.0,Pounds,88.0001,NO,79.3098,88.1059,88.2117,93.97,100.0,99.7282,NO,5.8641,91.98,0.0596,NO,R99
93308TXCRF6451R,324110,000110827,0.5,Pounds,0.0135,NO,0.0072,0.0193,0.025,0.0273,0.0393,0.0296,NO,0.008,0.0227,0.2969,NO,R19
78702PRCST2110E,331512,007440020,4450.0,Pounds,19.5235,NO,0.0,19.6511,19.7795,94.2319,100.0,98.9989,NO,74.5808,52.2954,0.7214,NO,R30
02743CSHNT4SLOC,339920,N982,578000.0,Pounds,98.3269,NO,96.1171,98.3968,98.4668,99.9166,100.0,99.9991,NO,1.5198,99.1353,0.0077,NO,R99
75038TCCRL1801H,334413,001330207,13580.0,Pounds,64.5744,NO,57.636,70.9723,77.6888,79.8632,93.1995,98.1923,YES,8.8909,77.4466,0.1341,NO,R19
29648FJPHT211PU,333315,000078933,72000.0,Pounds,10.6991,NO,0.0,11.0322,11.3654,37.9827,78.4085,64.6001,NO,26.9505,28.8882,0.8742,NO,R11
18951VRYXX35PEN,322222,000108883,1100000.0,Pounds,56.5688,NO,35.2901,63.1747,71.4286,81.7644,100.0,99.9999,NO,18.5897,73.8944,0.1659,NO,R19
77506PHLLP1400J,325211,000110543,280000.0,Pounds,8.2933,NO,4.7719,11.5446,15.1597,16.0597,22.8323,98.9406,YES,4.5151,30.0133,1.0571,YES,R11
45875PHLPS700NO,334411,N511,86300.0,Pounds,46.6979,NO,0.0,48.1968,49.712,88.9668,100.0,99.9942,NO,40.77,70.2835,0.3293,NO,R40
24541CRNNGROUTE,327212,N420,2300.0,Pounds,98.2067,NO,97.2188,98.6278,99.0525,99.5671,100.0,99.7831,NO,0.9393,99.0688,0.005,NO,R99
46241RLLYT1500S,325192,000075058,0.5,Pounds,0.0,NO,0.0,0.0,0.0,0.0007,0.0018,0.0294,YES,0.0007,0.0014,3.3826,YES,R19
13057GNRLS22CEL,332813,007697372,28279.0,Pounds,74.8954,NO,40.4467,75.3946,75.9005,98.6932,100.0,99.1237,NO,23.2986,85.4421,0.1358,NO,R99
92803KWKST516ES,332510,N495,270.0,Pounds,2.0359,NO,0.0,2.184,2.3495,17.1157,39.5132,99.631,YES,14.9317,17.5631,1.3188,YES,R30
07461MSRBBROUTE,326299,000078933,3160.0,Pounds,4.7088,NO,0.0,5.9463,7.7657,13.6431,25.1884,79.4769,YES,7.6969,16.2196,1.1783,YES,R11
12801MSGLD21ROG,325188,007440224,1500.0,Pounds,16.0996,NO,0.0,16.1282,16.1568,98.0396,100.0,99.6016,NO,81.9114,51.4562,0.7928,NO,R30
93308TXCRF6451R,324110,000110543,33000.0,Pounds,67.6923,NO,41.0566,70.4847,73.3333,90.1034,100.0,99.2481,NO,19.6187,80.2072,0.1463,NO,R19
04572GTPRDFRIEN,335110,007697372,71599.0,Pounds,34.0735,NO,34.0735,34.0735,34.0735,34.0735,34.0735,34.0735,NO,0.0,34.0735,0.0,NO,R99
15071CRCBL1001R,331492,007440020,32823.0,Pounds,97.7748,NO,96.2293,97.8229,97.871,98.8853,100.0,99.8996,NO,1.0624,98.5151,0.0099,NO,R30
44121THGLS4321G,326199,000080626,70000.0,Pounds,61.1204,NO,31.7189,64.6791,68.5683,86.6526,100.0,95.5631,NO,21.9735,75.4165,0.1701,NO,R19
13057GNRLS22CEL,332813,N495,18000.0,Pounds,25.3682,NO,0.0,25.504,25.641,97.2973,100.0,99.9722,NO,71.7933,60.4973,0.5975,NO,R30
49503KLRBR955GO,332510,000079016,118000.0,Pounds,30.9711,NO,0.0,31.5595,32.1614,90.223,100.0,97.8441,NO,58.6635,57.7916,0.5257,NO,R11
53578MLWKV1075W,332911,N982,71400.0,Pounds,14.5625,NO,0.0,14.8526,15.1528,84.4722,100.0,99.6511,NO,69.6197,51.0799,0.7276,NO,R29
74127MPRFN2729W,331511,007439965,21303.0,Pounds,96.4329,NO,92.5114,96.6852,96.9376,99.4677,100.0,99.9906,NO,2.7825,97.9524,0.0152,NO,R30
48220WLKRW660E2,331222,007664939,0.5,Pounds,0.0,NO,0.0,0.0,0.0,0.0019,0.0046,0.0666,YES,0.0018,0.0058,2.8316,YES,R40
62202CHMTC3500M,325188,007664417,72250.0,Pounds,97.9661,NO,97.1986,98.4671,98.9726,99.3127,100.0,99.6552,NO,0.8456,98.9078,0.0055,NO,R99
47240DLTFCHIGHW,332913,N495,4121.0,Pounds,22.8716,NO,0.0,22.9577,23.0442,97.55,100.0,99.9757,NO,74.5923,58.06,0.6465,NO,R22
46241RLLYT1500S,325192,000071432,0.5,Pounds,0.0001,NO,0.0,0.0001,0.0001,0.0012,0.003,20.0,YES,0.0012,0.0681,14.3966,YES,R19
63045MNSNT3481R,332813,007697372,9100.0,Pounds,35.5872,NO,0.0,36.2588,36.9303,63.8291,100.0,90.7278,NO,27.5703,54.4151,0.472,NO,R99
42344THNSGSTATE,325920,007697372,6982400.0,Pounds,89.0557,NO,74.1116,89.3026,89.5503,99.43,100.0,99.9064,NO,10.1274,93.7111,0.0544,NO,R40
71753THYLCROUTE,325188,000074839,144000.0,Pounds,95.6175,NO,94.2512,96.359,97.1005,97.7642,99.8719,98.4279,NO,1.4052,97.0486,0.0118,NO,R19
07461MSRBBROUTE,326299,000108101,7371.0,Pounds,2.2995,NO,0.0,2.6774,3.132,9.2184,19.0299,55.1268,YES,6.541,12.5018,1.3074,YES,R11
61341MRSLL1401B,327121,N090,1763.0,Pounds,87.3637,NO,78.2071,87.4722,87.5807,93.649,100.0,99.7172,NO,6.1767,91.5539,0.0631,NO,R99
93308TXCRF3663G,324110,000108883,0.5,Pounds,0.1072,NO,0.0,0.1196,0.1353,0.8706,1.9971,11.1111,YES,0.751,1.0765,1.8282,YES,R19
46802SSXGR1601W,325510,000100414,50.0,Pounds,2.5707,NO,0.0,3.1553,4.065,10.2137,20.8012,62.5,YES,7.0583,10.1966,1.4339,YES,R11
97321TLDYN1600O,331419,007664417,415000.0,Pounds,98.5163,NO,96.9971,98.651,98.786,99.7536,100.0,99.9398,NO,1.1026,99.1502,0.0059,NO,R99
78702PRCST2110E,331512,007440508,5499.0,Pounds,24.6581,NO,0.0,24.8278,24.9989,95.2064,100.0,99.0276,NO,70.3786,55.5361,0.6388,NO,R30
60438BCHMC2700E,325510,000078933,1700000.0,Pounds,35.3607,NO,6.7621,40.4135,45.9459,62.8478,96.4992,99.6892,YES,22.4343,58.6661,0.3852,NO,R11
18848GTPRDHAWES,331419,N982,28000.0,Pounds,53.5947,NO,9.8564,56.2481,59.0344,87.1758,100.0,99.8645,NO,30.9278,73.571,0.2507,NO,R30
55120FTMRK2411P,332812,000108883,8200.0,Pounds,24.7585,NO,0.0,25.9143,27.1523,76.2936,100.0,91.9283,NO,50.3792,49.7507,0.5621,NO,R11
93308TXCRF6451R,324110,000100414,50.0,Pounds,1.3113,NO,0.0,1.442,1.5959,9.4251,21.3997,98.0392,YES,7.9831,14.2395,1.6984,YES,R19
39563MRTNT5724E,325199,000108883,5000.0,Pounds,4.2796,NO,0.0,4.4155,4.5603,57.4035,100.0,96.8992,NO,52.988,29.837,0.9922,NO,R11
50595WHTCN600ST,335224,000078933,24131.0,Pounds,44.2689,NO,0.0,44.4729,44.6788,98.4723,100.0,98.9746,NO,53.9994,67.6875,0.396,NO,R11
46241RLLYT1500S,325192,000075070,0.5,Pounds,0.0014,NO,0.0,0.0016,0.002,0.0078,0.017,0.0625,YES,0.0061,0.0072,1.595,YES,R19
45212DNGRPBEECH,323111,000110543,1300.0,Pounds,5.6571,NO,0.0492,7.9113,10.6557,13.1528,21.0149,42.2078,YES,5.2414,13.9845,0.7252,NO,R11
46241RLLYT1500S,325192,000108883,0.5,Pounds,0.0,NO,0.0,0.0,0.0,0.0001,0.0002,2.2222,YES,0.0,0.0151,9.7131,YES,R19
06705CHMFG235IN,332813,007697372,0.5,Pounds,0.0007,NO,0.0007,0.0007,0.0007,0.0007,0.0007,0.0007,NO,0.0,0.0007,0.0,NO,R99
77506PHLLP1400J,325211,000110827,25430000.0,Pounds,91.3981,NO,88.2007,93.1958,95.0334,96.5259,100.0,99.7564,NO,3.3301,95.2985,0.0287,NO,R11
73446CNTRC300IN,336212,000078933,10271.0,Pounds,51.9577,NO,41.1561,59.0426,66.522,70.967,88.8536,97.6238,YES,11.9244,68.0176,0.2078,NO,R11
50595WHTCN600ST,335224,001330207,21224.0,Pounds,61.6636,NO,21.4966,63.5966,65.5811,91.6632,100.0,98.8358,NO,28.0667,76.6571,0.1994,NO,R11
78343CLNSNONEMI,325199,000050000,60000000.0,Pounds,94.8815,NO,94.0296,96.4354,97.1975,98.0392,100.0,99.9977,NO,1.6039,97.3736,0.0144,NO,R13
97206LRGST4600S,331512,007440508,9800.0,Pounds,53.4934,NO,0.0,54.2485,55.0253,97.4639,100.0,99.949,NO,43.2154,75.0957,0.2871,NO,R28
98248NTLCL4050M,331312,007429905,0.5,Pounds,0.0083,NO,0.0,0.0091,0.01,0.0492,0.1094,1.5873,YES,0.0401,0.246,2.2266,YES,R29
02054TRSCB66MAI,327320,007439965,11.0,Pounds,84.6154,NO,82.8526,88.141,91.6667,91.6667,96.9551,91.6667,NO,3.5256,89.3162,0.0372,NO,R99
70363GLFSL583TH,332312,007439965,1967.0,Pounds,50.0,NO,50.0,50.0,50.0,50.0,50.0,50.0,NO,0.0,50.0,0.0,NO,R99
46241RLLYT1500S,325192,000067561,0.5,Pounds,0.0001,NO,0.0,0.0001,0.0001,0.0006,0.0014,0.0135,YES,0.0005,0.0021,1.8378,YES,R19
55449RRWCR16719,332813,000075092,28800.0,Pounds,47.5248,NO,16.4814,48.7624,50.0,70.283,100.0,90.566,NO,21.5206,62.6969,0.3147,NO,R19
61341MRSLL1401B,327331,N450,545.0,Pounds,68.125,NO,45.1148,68.3392,68.5535,83.8222,100.0,99.0909,NO,15.483,78.5898,0.1845,NO,R99
39204RMSTR1085U,326192,N982,11390.0,Pounds,91.929,NO,89.3199,93.8221,95.7948,96.8235,100.0,97.8522,NO,3.0014,95.5597,0.0184,NO,R99
